撮影日,場所,企画,シーン,カットNo,ショット,画,音・演出,尺,被写体,機材,ステータス
DAY1,向島工房,①コーポレート,二人の語り,①-2,MS / BS,永尾社長と佐藤さん。窓を背に座って話す,社長→佐藤さんの順。同じ光の作り方,0:25-0:45（本編20秒／収録は各30分）,永尾社長・佐藤さん,三脚2台・ピンマイク2本・レフ板,未撮影
DAY1,向島工房,①コーポレート,企画・設計,①-3,BIRD / ECU,打ち合わせテーブルを真上から。図面、革見本、道具。指が色見本を1枚ずらす,声が続く。映像だけ切り替える,0:45-0:57,職人の手,俯瞰スタンド・マクロレンズ,未撮影
DAY1,向島工房,⑩採用,社長の語り（別テイク）,⑩-2,MS / BS,「なぜ2つの工場を継いだのか」,①と同席で収録,0:12-0:30,永尾社長,①-2と同セット,未撮影
DAY1,向島工房,巻末⑩⑪,単独インタビュー素材,-,BS,佐藤さん30分・永尾社長30分をフル収録,使うのは各10秒でも全部残す,各30分,永尾社長・佐藤さん,①-2と同セット,未撮影
DAY2,向島工房,①コーポレート,製造,①-4,BIRD/CU/PROFILE/MACRO/ECU,原反、金型、革包丁、ミシン、手縫い、紙やすり、磨き,声が終わり工程の音だけになる,0:57-1:28,職人の手,ジンバル・マクロレンズ・ガンマイク,未撮影
DAY2,向島工房,③工程ASMR 1本目,金型裁断,③-1a,BIRD / ECU,[起]革の上に金型が置かれる金属音,冒頭2秒で音を立てる。BGMなし,0-2秒,職人の手,固定三脚・9:16・ショットガンマイク15cm以内,未撮影
DAY2,向島工房,③工程ASMR 1本目,金型裁断,③-1b,BIRD / ECU,[承]プレス機が下り、革が抜ける瞬間,工程の音だけ,20秒,職人の手,同上（カメラ固定のまま）,未撮影
DAY2,向島工房,③工程ASMR 1本目,金型裁断,③-1c,BIRD / ECU,[結]抜けたパーツと穴の空いた余り革,テロップ「金型裁断」,3-5秒,完成パーツ,同上,未撮影
DAY2,向島工房,③工程ASMR 2本目,革包丁（手裁断）,③-2a,ECU / MACRO,[起]砥石に刃を当てる音,冒頭2秒で音を立てる。BGMなし,0-2秒,職人の手,固定三脚・9:16・ショットガンマイク15cm以内,未撮影
DAY2,向島工房,③工程ASMR 2本目,革包丁（手裁断）,③-2b,ECU / MACRO,[承]定規に沿って切る。切っ先だけを追う,工程の音だけ,25秒,職人の手,同上（カメラ固定のまま）,未撮影
DAY2,向島工房,③工程ASMR 2本目,革包丁（手裁断）,③-2c,ECU / MACRO,[結]切り出されたパーツを持ち上げる,テロップ「革包丁（手裁断）」,3-5秒,完成パーツ,同上,未撮影
DAY2,向島工房,③工程ASMR 3本目,糊付け,③-3a,BIRD / ECU,[起]糊のフタを開ける音,冒頭2秒で音を立てる。BGMなし,0-2秒,職人の手,固定三脚・9:16・ショットガンマイク15cm以内,未撮影
DAY2,向島工房,③工程ASMR 3本目,糊付け,③-3b,BIRD / ECU,[承]ヘラで均一に伸ばす,工程の音だけ,15秒,職人の手,同上（カメラ固定のまま）,未撮影
DAY2,向島工房,③工程ASMR 3本目,糊付け,③-3c,BIRD / ECU,[結]2枚を貼り合わせ圧着,テロップ「糊付け」,3-5秒,完成パーツ,同上,未撮影
DAY2,向島工房,③工程ASMR 4本目,ミシン,③-4a,PROFILE / MACRO,[起]ミシンの空回し音,冒頭2秒で音を立てる。BGMなし,0-2秒,職人の手,固定三脚・9:16・ショットガンマイク15cm以内,未撮影
DAY2,向島工房,③工程ASMR 4本目,ミシン,③-4b,PROFILE / MACRO,[承]針が上下し革が送られる,工程の音だけ,20秒,職人の手,同上（カメラ固定のまま）,未撮影
DAY2,向島工房,③工程ASMR 4本目,ミシン,③-4c,PROFILE / MACRO,[結]縫い上がった直線,テロップ「ミシン」,3-5秒,完成パーツ,同上,未撮影
DAY2,向島工房,③工程ASMR 5本目,手縫い,③-5a,MACRO,[起]糸にロウを引く音,冒頭2秒で音を立てる。BGMなし,0-2秒,職人の手,固定三脚・9:16・ショットガンマイク15cm以内,未撮影
DAY2,向島工房,③工程ASMR 5本目,手縫い,③-5b,MACRO,[承]2本の針が交差する,工程の音だけ,30秒,職人の手,同上（カメラ固定のまま）,未撮影
DAY2,向島工房,③工程ASMR 5本目,手縫い,③-5c,MACRO,[結]縫い目のアップ,テロップ「手縫い」,3-5秒,完成パーツ,同上,未撮影
DAY2,向島工房,③工程ASMR 6本目,目止め,③-6a,ECU,[起]床面に液を落とす音,冒頭2秒で音を立てる。BGMなし,0-2秒,職人の手,固定三脚・9:16・ショットガンマイク15cm以内,未撮影
DAY2,向島工房,③工程ASMR 6本目,目止め,③-6b,ECU,[承]ガラス板で擦る。毛羽が寝ていく,工程の音だけ,20秒,職人の手,同上（カメラ固定のまま）,未撮影
DAY2,向島工房,③工程ASMR 6本目,目止め,③-6c,ECU,[結]光を反射する床面,テロップ「目止め」,3-5秒,完成パーツ,同上,未撮影
DAY2,向島工房,③工程ASMR 7本目,コバ磨き,③-7a,MACRO,[起]染料を布に含ませる音,冒頭2秒で音を立てる。BGMなし,0-2秒,職人の手,固定三脚・9:16・ショットガンマイク15cm以内,未撮影
DAY2,向島工房,③工程ASMR 7本目,コバ磨き,③-7b,MACRO,[承]断面を往復して擦る,工程の音だけ,30秒,職人の手,同上（カメラ固定のまま）,未撮影
DAY2,向島工房,③工程ASMR 7本目,コバ磨き,③-7c,MACRO,[結]断面が艶を持つ,テロップ「コバ磨き」,3-5秒,完成パーツ,同上,未撮影
DAY2,向島工房,②OEM工房案内,承／対応技法,②-4,CU 寄り,金型が置かれ、裁断機が下りる,テロップ「金型裁断」,0:25-0:38,職人の手,③と同ポジションで流用可,未撮影
DAY2,向島工房,②OEM工房案内,承／対応技法,②-5,ECU 超寄り,革包丁で細部を切る,テロップ「手裁断」,0:38-0:50,職人の手,③と同ポジションで流用可,未撮影
DAY2,向島工房,②OEM工房案内,承／対応技法,②-6,PROFILE,ミシンで縫製する,テロップ「機械縫製」,0:50-1:05,職人の手,③と同ポジションで流用可,未撮影
DAY2,向島工房,②OEM工房案内,承／対応技法,②-7,MACRO,手縫い。2本の針が交差する,テロップ「手縫い」,1:05-1:20,職人の手,③と同ポジションで流用可,未撮影
DAY2,向島工房,②OEM工房案内,承／対応技法,②-8,ECU 超寄り,目止め、そして断面を磨く,テロップ「切り目コバ磨き　全工程の40%」,1:20-1:35,職人の手,③と同ポジションで流用可,未撮影
DAY3,向島工房,①コーポレート,オープニング,①-1,ECU/MACRO/EDIT/HIGH,刻印が押されロゴが革に沈む。窪みに光。引くと工房の全景,押される音だけ→環境音とBGM,0:00-0:25,職人の手／刻印機／梱包資材,俯瞰スタンド・小型アクションカメラ（⑨-4）,未撮影
DAY3,向島工房,①コーポレート,検品,①-5,CU,職人が縫い目と断面を目で確かめる,作業音が消える,1:28-1:36,職人の手／刻印機／梱包資材,俯瞰スタンド・小型アクションカメラ（⑨-4）,未撮影
DAY3,向島工房,①コーポレート,梱包,①-6,BIRD,不織布で包まれ、箱に納まり、紐が結ばれる,紙の音、紐を引く音,1:36-1:44,職人の手／刻印機／梱包資材,俯瞰スタンド・小型アクションカメラ（⑨-4）,未撮影
DAY3,向島工房,②OEM工房案内,起,②-1,LOW ローアングル,工房の外観。看板と入口,街の音,0:00-0:08,職人の手／刻印機／梱包資材,俯瞰スタンド・小型アクションカメラ（⑨-4）,未撮影
DAY3,向島工房,②OEM工房案内,起,②-2,HIGH ハイアングル,工房の全景。設備と作業台が並ぶ,規模が分かる画角,0:08-0:18,職人の手／刻印機／梱包資材,俯瞰スタンド・小型アクションカメラ（⑨-4）,未撮影
DAY3,向島工房,②OEM工房案内,起,②-3,BIRD 真俯瞰,作業台に原反が広げられる,扱える革の大きさを示す,0:18-0:25,職人の手／刻印機／梱包資材,俯瞰スタンド・小型アクションカメラ（⑨-4）,未撮影
DAY3,向島工房,②OEM工房案内,転／検品,②-9,CU 寄り,職人が縫い目と断面を目で確かめる,最重要カット。作業音が消える,1:35-1:48,職人の手／刻印機／梱包資材,俯瞰スタンド・小型アクションカメラ（⑨-4）,未撮影
DAY3,向島工房,②OEM工房案内,転,②-10,BIRD 真俯瞰,検品済みの製品と道具が並ぶ,置く音,1:48-1:54,職人の手／刻印機／梱包資材,俯瞰スタンド・小型アクションカメラ（⑨-4）,未撮影
DAY3,向島工房,②OEM工房案内,転,②-11,BIRD 真俯瞰,梱包され、箱詰めされる,紙とテープの音,1:54-2:00,職人の手／刻印機／梱包資材,俯瞰スタンド・小型アクションカメラ（⑨-4）,未撮影
DAY3,向島工房,⑨梱包から受け取り,起,⑨-1,CU 寄り,刻印が押され、名前が革に沈む,圧の音,0-3秒,職人の手／刻印機／梱包資材,俯瞰スタンド・小型アクションカメラ（⑨-4）,未撮影
DAY3,向島工房,⑨梱包から受け取り,起,⑨-2,BIRD 真俯瞰,不織布で包まれ、角が折られ、紐が結ばれる,紙の音。ここからカメラを動かさない,3-7秒,職人の手／刻印機／梱包資材,俯瞰スタンド・小型アクションカメラ（⑨-4）,未撮影
DAY3,向島工房,⑨梱包から受け取り,承,⑨-3,BIRD 真俯瞰,包装紙とリボンの色が次々に切り替わる,同じ手つき、同じ位置、色だけが変わる,7-12秒,職人の手／刻印機／梱包資材,俯瞰スタンド・小型アクションカメラ（⑨-4）,未撮影
DAY3,向島工房,⑨梱包から受け取り,転,⑨-4,POV 主観,商品の目線。蓋が閉じられ視界が塞がれる,蓋の音。画面が黒く落ちる,12-15秒,職人の手／刻印機／梱包資材,俯瞰スタンド・小型アクションカメラ（⑨-4）,未撮影
DAY3,向島工房,⑨梱包から受け取り,転,⑨-5,ABSTRACT,完全な暗転,無音の1秒,15-18秒,職人の手／刻印機／梱包資材,俯瞰スタンド・小型アクションカメラ（⑨-4）,未撮影
DAY4,スタジオ（物撮り）,④実測動画／ロワイヤルMトート,起承結,④-ロワイ-1,BIRD 真俯瞰,何も入っていない本体が1つ置かれている,無音。テロップで品名,0-2秒,ロワイヤルMトート・モデル1名,定点2台・秤・A4/ノートPC・レフ板,未撮影
DAY4,スタジオ（物撮り）,④実測動画／ロワイヤルMトート,起承結,④-ロワイ-2,FS 全身,人の隣に置き、肩にかける（Lジップは手に持つ）,人と並べないと大きさは伝わらない,2-5秒,ロワイヤルMトート・モデル1名,定点2台・秤・A4/ノートPC・レフ板,未撮影
DAY4,スタジオ（物撮り）,④実測動画／ロワイヤルMトート,起承結,④-ロワイ-3,MS 中景,A4書類を入れる（Lジップは札を入れる）,入る瞬間を止めずに撮る,5-9秒,ロワイヤルMトート・モデル1名,定点2台・秤・A4/ノートPC・レフ板,未撮影
DAY4,スタジオ（物撮り）,④実測動画／ロワイヤルMトート,起承結,④-ロワイ-4,OTS,肩越しにノートPCを入れる（Lジップはカードを入れる）,使う人の視点に近づける,9-13秒,ロワイヤルMトート・モデル1名,定点2台・秤・A4/ノートPC・レフ板,未撮影
DAY4,スタジオ（物撮り）,④実測動画／ロワイヤルMトート,起承結,④-ロワイ-5,BIRD 真俯瞰,内ポケットに名刺入れ・鍵・携帯を配置,整理された状態を見せる,13-16秒,ロワイヤルMトート・モデル1名,定点2台・秤・A4/ノートPC・レフ板,未撮影
DAY4,スタジオ（物撮り）,④実測動画／ロワイヤルMトート,起承結,④-ロワイ-6,CU 寄り,秤に載せる。重量の数字が読める,表示にピント,16-18秒,ロワイヤルMトート・モデル1名,定点2台・秤・A4/ノートPC・レフ板,未撮影
DAY4,スタジオ（物撮り）,④実測動画／ロワイヤルMトート,起承結,④-ロワイ-7,ECU 超寄り,ファスナーの開閉（YKK EXCELLA）,金具の音,18-21秒,ロワイヤルMトート・モデル1名,定点2台・秤・A4/ノートPC・レフ板,未撮影
DAY4,スタジオ（物撮り）,④実測動画／ロワイヤルMトート,起承結,④-ロワイ-8,LOW ローアングル,持って歩き出す足元から見上げる,ここだけ動きを入れる,21-23秒,ロワイヤルMトート・モデル1名,定点2台・秤・A4/ノートPC・レフ板,未撮影
DAY4,スタジオ（物撮り）,④実測動画／ロワイヤルMトート,起承結,④-ロワイ-9,EDIT 編集,テロップ「返品送料無料／分割払い可」,最後に不安を消して終わる,23-25秒,ロワイヤルMトート・モデル1名,定点2台・秤・A4/ノートPC・レフ板,未撮影
DAY4,スタジオ（物撮り）,④実測動画／ベルシートート,起承結,④-ベルシ-1,BIRD 真俯瞰,何も入っていない本体が1つ置かれている,無音。テロップで品名,0-2秒,ベルシートート・モデル1名,定点2台・秤・A4/ノートPC・レフ板,未撮影
DAY4,スタジオ（物撮り）,④実測動画／ベルシートート,起承結,④-ベルシ-2,FS 全身,人の隣に置き、肩にかける（Lジップは手に持つ）,人と並べないと大きさは伝わらない,2-5秒,ベルシートート・モデル1名,定点2台・秤・A4/ノートPC・レフ板,未撮影
DAY4,スタジオ（物撮り）,④実測動画／ベルシートート,起承結,④-ベルシ-3,MS 中景,A4書類を入れる（Lジップは札を入れる）,入る瞬間を止めずに撮る,5-9秒,ベルシートート・モデル1名,定点2台・秤・A4/ノートPC・レフ板,未撮影
DAY4,スタジオ（物撮り）,④実測動画／ベルシートート,起承結,④-ベルシ-4,OTS,肩越しにノートPCを入れる（Lジップはカードを入れる）,使う人の視点に近づける,9-13秒,ベルシートート・モデル1名,定点2台・秤・A4/ノートPC・レフ板,未撮影
DAY4,スタジオ（物撮り）,④実測動画／ベルシートート,起承結,④-ベルシ-5,BIRD 真俯瞰,内ポケットに名刺入れ・鍵・携帯を配置,整理された状態を見せる,13-16秒,ベルシートート・モデル1名,定点2台・秤・A4/ノートPC・レフ板,未撮影
DAY4,スタジオ（物撮り）,④実測動画／ベルシートート,起承結,④-ベルシ-6,CU 寄り,秤に載せる。重量の数字が読める,表示にピント,16-18秒,ベルシートート・モデル1名,定点2台・秤・A4/ノートPC・レフ板,未撮影
DAY4,スタジオ（物撮り）,④実測動画／ベルシートート,起承結,④-ベルシ-7,ECU 超寄り,ファスナーの開閉（YKK EXCELLA）,金具の音,18-21秒,ベルシートート・モデル1名,定点2台・秤・A4/ノートPC・レフ板,未撮影
DAY4,スタジオ（物撮り）,④実測動画／ベルシートート,起承結,④-ベルシ-8,LOW ローアングル,持って歩き出す足元から見上げる,ここだけ動きを入れる,21-23秒,ベルシートート・モデル1名,定点2台・秤・A4/ノートPC・レフ板,未撮影
DAY4,スタジオ（物撮り）,④実測動画／ベルシートート,起承結,④-ベルシ-9,EDIT 編集,テロップ「返品送料無料／分割払い可」,最後に不安を消して終わる,23-25秒,ベルシートート・モデル1名,定点2台・秤・A4/ノートPC・レフ板,未撮影
DAY4,スタジオ（物撮り）,④実測動画／Lジップ,起承結,④-Lジッ-1,BIRD 真俯瞰,何も入っていない本体が1つ置かれている,無音。テロップで品名,0-2秒,Lジップ・モデル1名,定点2台・秤・A4/ノートPC・レフ板,未撮影
DAY4,スタジオ（物撮り）,④実測動画／Lジップ,起承結,④-Lジッ-2,FS 全身,人の隣に置き、肩にかける（Lジップは手に持つ）,人と並べないと大きさは伝わらない,2-5秒,Lジップ・モデル1名,定点2台・秤・A4/ノートPC・レフ板,未撮影
DAY4,スタジオ（物撮り）,④実測動画／Lジップ,起承結,④-Lジッ-3,MS 中景,A4書類を入れる（Lジップは札を入れる）,入る瞬間を止めずに撮る,5-9秒,Lジップ・モデル1名,定点2台・秤・A4/ノートPC・レフ板,未撮影
DAY4,スタジオ（物撮り）,④実測動画／Lジップ,起承結,④-Lジッ-4,OTS,肩越しにノートPCを入れる（Lジップはカードを入れる）,使う人の視点に近づける,9-13秒,Lジップ・モデル1名,定点2台・秤・A4/ノートPC・レフ板,未撮影
DAY4,スタジオ（物撮り）,④実測動画／Lジップ,起承結,④-Lジッ-5,BIRD 真俯瞰,内ポケットに名刺入れ・鍵・携帯を配置,整理された状態を見せる,13-16秒,Lジップ・モデル1名,定点2台・秤・A4/ノートPC・レフ板,未撮影
DAY4,スタジオ（物撮り）,④実測動画／Lジップ,起承結,④-Lジッ-6,CU 寄り,秤に載せる。重量の数字が読める,表示にピント,16-18秒,Lジップ・モデル1名,定点2台・秤・A4/ノートPC・レフ板,未撮影
DAY4,スタジオ（物撮り）,④実測動画／Lジップ,起承結,④-Lジッ-7,ECU 超寄り,ファスナーの開閉（YKK EXCELLA）,金具の音,18-21秒,Lジップ・モデル1名,定点2台・秤・A4/ノートPC・レフ板,未撮影
DAY4,スタジオ（物撮り）,④実測動画／Lジップ,起承結,④-Lジッ-8,LOW ローアングル,持って歩き出す足元から見上げる,ここだけ動きを入れる,21-23秒,Lジップ・モデル1名,定点2台・秤・A4/ノートPC・レフ板,未撮影
DAY4,スタジオ（物撮り）,④実測動画／Lジップ,起承結,④-Lジッ-9,EDIT 編集,テロップ「返品送料無料／分割払い可」,最後に不安を消して終わる,23-25秒,Lジップ・モデル1名,定点2台・秤・A4/ノートPC・レフ板,未撮影
DAY4,スタジオ（物撮り）,⑧色合わせ 1本目,春・淡いリネン,⑧-1a,BIRD 真俯瞰（固定）,服の上に定番色（こげ茶）の革小物を置く,テロップ「この色でも、いい。」,0-5秒,春・淡いリネンの服＋こげ茶の小物,俯瞰スタンド固定・9:16。6本とも同一高さ・同一照明,未撮影
DAY4,スタジオ（物撮り）,⑧色合わせ 1本目,春・淡いリネン,⑧-1b,BIRD 真俯瞰（固定のまま）,手が入り、定番色を華やかな色（淡グリーン＋生成）に入れ替える,入れ替える音。テロップ「でも——」,5-13秒,淡グリーン＋生成の小物3〜4点,カメラも服も一切動かさない。1カットで撮る,未撮影
DAY4,スタジオ（物撮り）,⑧色合わせ 1本目,春・淡いリネン,⑧-1c,BIRD → 寄り,華やかな色で揃ったコーデ全体から1点に寄る,テロップ「こげ茶でも、いい。でも、春は淡いグリーン。」,13-20秒,淡グリーン＋生成の小物1点,同上,未撮影
DAY4,スタジオ（物撮り）,⑧色合わせ 2本目,初夏・白シャツ,⑧-2a,BIRD 真俯瞰（固定）,服の上に定番色（ブラック）の革小物を置く,テロップ「この色でも、いい。」,0-5秒,初夏・白シャツの服＋ブラックの小物,俯瞰スタンド固定・9:16。6本とも同一高さ・同一照明,未撮影
DAY4,スタジオ（物撮り）,⑧色合わせ 2本目,初夏・白シャツ,⑧-2b,BIRD 真俯瞰（固定のまま）,手が入り、定番色を華やかな色（ターコイズ＋レッド）に入れ替える,入れ替える音。テロップ「でも——」,5-13秒,ターコイズ＋レッドの小物3〜4点,カメラも服も一切動かさない。1カットで撮る,未撮影
DAY4,スタジオ（物撮り）,⑧色合わせ 2本目,初夏・白シャツ,⑧-2c,BIRD → 寄り,華やかな色で揃ったコーデ全体から1点に寄る,テロップ「黒でも、いい。でも、白にはこの色。」,13-20秒,ターコイズ＋レッドの小物1点,同上,未撮影
DAY4,スタジオ（物撮り）,⑧色合わせ 3本目,夏・デニム,⑧-3a,BIRD 真俯瞰（固定）,服の上に定番色（ネイビー）の革小物を置く,テロップ「この色でも、いい。」,0-5秒,夏・デニムの服＋ネイビーの小物,俯瞰スタンド固定・9:16。6本とも同一高さ・同一照明,未撮影
DAY4,スタジオ（物撮り）,⑧色合わせ 3本目,夏・デニム,⑧-3b,BIRD 真俯瞰（固定のまま）,手が入り、定番色を華やかな色（キャメル＋オレンジ）に入れ替える,入れ替える音。テロップ「でも——」,5-13秒,キャメル＋オレンジの小物3〜4点,カメラも服も一切動かさない。1カットで撮る,未撮影
DAY4,スタジオ（物撮り）,⑧色合わせ 3本目,夏・デニム,⑧-3c,BIRD → 寄り,華やかな色で揃ったコーデ全体から1点に寄る,テロップ「ネイビーでも、いい。でも、デニムにはキャメル。」,13-20秒,キャメル＋オレンジの小物1点,同上,未撮影
DAY4,スタジオ（物撮り）,⑧色合わせ 4本目,秋・ツイード,⑧-4a,BIRD 真俯瞰（固定）,服の上に定番色（ダークブラウン）の革小物を置く,テロップ「この色でも、いい。」,0-5秒,秋・ツイードの服＋ダークブラウンの小物,俯瞰スタンド固定・9:16。6本とも同一高さ・同一照明,未撮影
DAY4,スタジオ（物撮り）,⑧色合わせ 4本目,秋・ツイード,⑧-4b,BIRD 真俯瞰（固定のまま）,手が入り、定番色を華やかな色（グリーン＋マスタード）に入れ替える,入れ替える音。テロップ「でも——」,5-13秒,グリーン＋マスタードの小物3〜4点,カメラも服も一切動かさない。1カットで撮る,未撮影
DAY4,スタジオ（物撮り）,⑧色合わせ 4本目,秋・ツイード,⑧-4c,BIRD → 寄り,華やかな色で揃ったコーデ全体から1点に寄る,テロップ「茶でも、いい。でも、グリーンにすると。」,13-20秒,グリーン＋マスタードの小物1点,同上,未撮影
DAY4,スタジオ（物撮り）,⑧色合わせ 5本目,冬・ウールコート,⑧-5a,BIRD 真俯瞰（固定）,服の上に定番色（グレー）の革小物を置く,テロップ「この色でも、いい。」,0-5秒,冬・ウールコートの服＋グレーの小物,俯瞰スタンド固定・9:16。6本とも同一高さ・同一照明,未撮影
DAY4,スタジオ（物撮り）,⑧色合わせ 5本目,冬・ウールコート,⑧-5b,BIRD 真俯瞰（固定のまま）,手が入り、定番色を華やかな色（ボルドー＋パープル）に入れ替える,入れ替える音。テロップ「でも——」,5-13秒,ボルドー＋パープルの小物3〜4点,カメラも服も一切動かさない。1カットで撮る,未撮影
DAY4,スタジオ（物撮り）,⑧色合わせ 5本目,冬・ウールコート,⑧-5c,BIRD → 寄り,華やかな色で揃ったコーデ全体から1点に寄る,テロップ「グレーでも、いい。でも、冬はボルドー。」,13-20秒,ボルドー＋パープルの小物1点,同上,未撮影
DAY4,スタジオ（物撮り）,⑧色合わせ 6本目,通年・黒スーツ,⑧-6a,BIRD 真俯瞰（固定）,服の上に定番色（ブラック）の革小物を置く,テロップ「この色でも、いい。」,0-5秒,通年・黒スーツの服＋ブラックの小物,俯瞰スタンド固定・9:16。6本とも同一高さ・同一照明,未撮影
DAY4,スタジオ（物撮り）,⑧色合わせ 6本目,通年・黒スーツ,⑧-6b,BIRD 真俯瞰（固定のまま）,手が入り、定番色を華やかな色（ダークブラウン＋ボルドー）に入れ替える,入れ替える音。テロップ「でも——」,5-13秒,ダークブラウン＋ボルドーの小物3〜4点,カメラも服も一切動かさない。1カットで撮る,未撮影
DAY4,スタジオ（物撮り）,⑧色合わせ 6本目,通年・黒スーツ,⑧-6c,BIRD → 寄り,華やかな色で揃ったコーデ全体から1点に寄る,テロップ「黒に黒でも、いい。でも、少しだけ色を。」,13-20秒,ダークブラウン＋ボルドーの小物1点,同上,未撮影
DAY5,ロケ（街・オフィス）,①コーポレート,日常,①-8,LS / EDIT,仕事で使っている。駅かオフィス。最後にロゴ・拠点・サイトURL,街の音→BGM終わり,1:52-2:00,モデル1名,ジンバル・NDフィルター,未撮影
DAY5,ロケ（街・オフィス）,⑦買い足し／ネイビー,起,⑦-1,LS 引き,朝の通勤。歩く後ろ姿。上着は薄手,街の音,0-5秒,モデル1名（薄手の上着）,三脚位置をメジャーで実測し記録,未撮影
DAY5,ロケ（街・オフィス）,⑦買い足し／ネイビー,起,⑦-2,CU 寄り,ポケットから財布を出して支払う,財布1点だけの状態,5-10秒,ネイビーの財布,同上,未撮影
DAY5,ロケ（街・オフィス）,⑦買い足し／ブラウン,起,⑦-1,LS 引き,朝の通勤。歩く後ろ姿。上着は薄手,街の音,0-5秒,モデル1名（薄手の上着）,三脚位置をメジャーで実測し記録,未撮影
DAY5,ロケ（街・オフィス）,⑦買い足し／ブラウン,起,⑦-2,CU 寄り,ポケットから財布を出して支払う,財布1点だけの状態,5-10秒,ブラウンの財布,同上,未撮影
DAY5,ロケ（街・オフィス）,⑦買い足し／グリーン,起,⑦-1,LS 引き,朝の通勤。歩く後ろ姿。上着は薄手,街の音,0-5秒,モデル1名（薄手の上着）,三脚位置をメジャーで実測し記録,未撮影
DAY5,ロケ（街・オフィス）,⑦買い足し／グリーン,起,⑦-2,CU 寄り,ポケットから財布を出して支払う,財布1点だけの状態,5-10秒,グリーンの財布,同上,未撮影
DAY6,ロケ（街・オフィス）,⑦買い足し／ネイビー,承,⑦-3,LS 引き,別の日。同じ道、同じ画角。上着が変わっている,服装で時間の経過を見せる,10-14秒,モデル1名（上着変更）,DAY5と同一三脚位置（実測値を再現）,未撮影
DAY6,ロケ（街・オフィス）,⑦買い足し／ネイビー,承,⑦-4,ECU 超寄り,名刺入れを取り出して渡す,2点目が加わる,14-19秒,ネイビーの名刺入れ,同上,未撮影
DAY6,ロケ（街・オフィス）,⑦買い足し／ブラウン,承,⑦-3,LS 引き,別の日。同じ道、同じ画角。上着が変わっている,服装で時間の経過を見せる,10-14秒,モデル1名（上着変更）,DAY5と同一三脚位置（実測値を再現）,未撮影
DAY6,ロケ（街・オフィス）,⑦買い足し／ブラウン,承,⑦-4,ECU 超寄り,名刺入れを取り出して渡す,2点目が加わる,14-19秒,ブラウンの名刺入れ,同上,未撮影
DAY6,ロケ（街・オフィス）,⑦買い足し／グリーン,承,⑦-3,LS 引き,別の日。同じ道、同じ画角。上着が変わっている,服装で時間の経過を見せる,10-14秒,モデル1名（上着変更）,DAY5と同一三脚位置（実測値を再現）,未撮影
DAY6,ロケ（街・オフィス）,⑦買い足し／グリーン,承,⑦-4,ECU 超寄り,名刺入れを取り出して渡す,2点目が加わる,14-19秒,グリーンの名刺入れ,同上,未撮影
DAY7,ロケ（街・オフィス）,⑦買い足し／ネイビー,転・結,⑦-5,LS 引き,さらに別の日。コートを着ている,同じ道、違う季節,19-23秒,モデル1名（コート）,DAY5と同一三脚位置／室内は俯瞰スタンド,未撮影
DAY7,ロケ（街・オフィス）,⑦買い足し／ネイビー,転・結,⑦-6,WORM ワームズアイ,鍵を取り出して扉を開ける。足元から,3点目,23-27秒,ネイビーのキーケース,DAY5と同一三脚位置／室内は俯瞰スタンド,未撮影
DAY7,ロケ（街・オフィス）,⑦買い足し／ネイビー,転・結,⑦-7,FS 全身,バッグを肩にかけて歩く,4点目。ここで揃う,27-32秒,ネイビーのバッグ,DAY5と同一三脚位置／室内は俯瞰スタンド,未撮影
DAY7,ロケ（街・オフィス）,⑦買い足し／ネイビー,転・結,⑦-8,BIRD 真俯瞰,帰宅。テーブルに4点を置いていく,置く音が4回,32-40秒,4点セット,DAY5と同一三脚位置／室内は俯瞰スタンド,未撮影
DAY7,ロケ（街・オフィス）,⑦買い足し／ネイビー,転・結,⑦-9,MACRO,最初の財布だけ、色が深くなっている,無音に近づける,40-46秒,経年した財布（別個体を用意）,DAY5と同一三脚位置／室内は俯瞰スタンド,未撮影
DAY7,ロケ（街・オフィス）,⑦買い足し／ネイビー,転・結,⑦-10,EDIT 編集,テロップ「気づけば、四点。」,BGMが締まる,46-50秒,-,DAY5と同一三脚位置／室内は俯瞰スタンド,未撮影
DAY7,ロケ（街・オフィス）,⑦買い足し／ブラウン,転・結,⑦-5,LS 引き,さらに別の日。コートを着ている,同じ道、違う季節,19-23秒,モデル1名（コート）,DAY5と同一三脚位置／室内は俯瞰スタンド,未撮影
DAY7,ロケ（街・オフィス）,⑦買い足し／ブラウン,転・結,⑦-6,WORM ワームズアイ,鍵を取り出して扉を開ける。足元から,3点目,23-27秒,ブラウンのキーケース,DAY5と同一三脚位置／室内は俯瞰スタンド,未撮影
DAY7,ロケ（街・オフィス）,⑦買い足し／ブラウン,転・結,⑦-7,FS 全身,バッグを肩にかけて歩く,4点目。ここで揃う,27-32秒,ブラウンのバッグ,DAY5と同一三脚位置／室内は俯瞰スタンド,未撮影
DAY7,ロケ（街・オフィス）,⑦買い足し／ブラウン,転・結,⑦-8,BIRD 真俯瞰,帰宅。テーブルに4点を置いていく,置く音が4回,32-40秒,4点セット,DAY5と同一三脚位置／室内は俯瞰スタンド,未撮影
DAY7,ロケ（街・オフィス）,⑦買い足し／ブラウン,転・結,⑦-9,MACRO,最初の財布だけ、色が深くなっている,無音に近づける,40-46秒,経年した財布（別個体を用意）,DAY5と同一三脚位置／室内は俯瞰スタンド,未撮影
DAY7,ロケ（街・オフィス）,⑦買い足し／ブラウン,転・結,⑦-10,EDIT 編集,テロップ「気づけば、四点。」,BGMが締まる,46-50秒,-,DAY5と同一三脚位置／室内は俯瞰スタンド,未撮影
DAY7,ロケ（街・オフィス）,⑦買い足し／グリーン,転・結,⑦-5,LS 引き,さらに別の日。コートを着ている,同じ道、違う季節,19-23秒,モデル1名（コート）,DAY5と同一三脚位置／室内は俯瞰スタンド,未撮影
DAY7,ロケ（街・オフィス）,⑦買い足し／グリーン,転・結,⑦-6,WORM ワームズアイ,鍵を取り出して扉を開ける。足元から,3点目,23-27秒,グリーンのキーケース,DAY5と同一三脚位置／室内は俯瞰スタンド,未撮影
DAY7,ロケ（街・オフィス）,⑦買い足し／グリーン,転・結,⑦-7,FS 全身,バッグを肩にかけて歩く,4点目。ここで揃う,27-32秒,グリーンのバッグ,DAY5と同一三脚位置／室内は俯瞰スタンド,未撮影
DAY7,ロケ（街・オフィス）,⑦買い足し／グリーン,転・結,⑦-8,BIRD 真俯瞰,帰宅。テーブルに4点を置いていく,置く音が4回,32-40秒,4点セット,DAY5と同一三脚位置／室内は俯瞰スタンド,未撮影
DAY7,ロケ（街・オフィス）,⑦買い足し／グリーン,転・結,⑦-9,MACRO,最初の財布だけ、色が深くなっている,無音に近づける,40-46秒,経年した財布（別個体を用意）,DAY5と同一三脚位置／室内は俯瞰スタンド,未撮影
DAY7,ロケ（街・オフィス）,⑦買い足し／グリーン,転・結,⑦-10,EDIT 編集,テロップ「気づけば、四点。」,BGMが締まる,46-50秒,-,DAY5と同一三脚位置／室内は俯瞰スタンド,未撮影
DAY8,表参道店,⑥店舗案内［仮：スタッフ調整］,起承転結,⑥-1,LS 引き,表参道の街並みから、店へ向かって歩く,街の音,0:00-0:08,店舗スタッフ・客役,ジンバル・小型LED・ピンマイク,未撮影
DAY8,表参道店,⑥店舗案内［仮：スタッフ調整］,起承転結,⑥-2,LOW ローアングル,店の外観。看板と入口。見上げる,目印になる情報を必ず入れる,0:08-0:14,店舗スタッフ・客役,ジンバル・小型LED・ピンマイク,未撮影
DAY8,表参道店,⑥店舗案内［仮：スタッフ調整］,起承転結,⑥-3,POV 主観,扉を開ける。手が伸び、扉が開き、店内が見える,企画書指定カット。ここで「入れる」と思わせる,0:14-0:20,店舗スタッフ・客役,ジンバル・小型LED・ピンマイク,未撮影
DAY8,表参道店,⑥店舗案内［仮：スタッフ調整］,起承転結,⑥-4,MS 中景,スタッフが顔を上げて迎える。挨拶する,人が映っていること自体が目的,0:20-0:30,店舗スタッフ・客役,ジンバル・小型LED・ピンマイク,未撮影
DAY8,表参道店,⑥店舗案内［仮：スタッフ調整］,起承転結,⑥-5,BIRD / LS,店内の全景。什器と商品の並び,広さと明るさが分かる画角,0:30-0:42,店舗スタッフ・客役,ジンバル・小型LED・ピンマイク,未撮影
DAY8,表参道店,⑥店舗案内［仮：スタッフ調整］,起承転結,⑥-6,CU 寄り,商品が色ごとに並ぶ棚。手が1点を取る,色がこのブランドの特徴,0:42-0:55,店舗スタッフ・客役,ジンバル・小型LED・ピンマイク,未撮影
DAY8,表参道店,⑥店舗案内［仮：スタッフ調整］,起承転結,⑥-7,MS 中景,客が実物を手に取り、スタッフが説明する,一人で来ても大丈夫だと伝わる距離感,0:55-1:10,店舗スタッフ・客役,ジンバル・小型LED・ピンマイク,未撮影
DAY8,表参道店,⑥店舗案内［仮：スタッフ調整］,起承転結,⑥-8,ECU 超寄り,刻印機に名前を組み、目の前で押す,圧の音。店でしかできないこと,1:10-1:25,店舗スタッフ・客役,ジンバル・小型LED・ピンマイク,未撮影
DAY8,表参道店,⑥店舗案内［仮：スタッフ調整］,起承転結,⑥-9,TWO ツーショット,押し上がった刻印を、二人で覗き込む,表情が出る唯一のカット,1:25-1:34,店舗スタッフ・客役,ジンバル・小型LED・ピンマイク,未撮影
DAY8,表参道店,⑥店舗案内［仮：スタッフ調整］,起承転結,⑥-10,MS 中景,包んで渡し、見送る,扉の音,1:34-1:40,店舗スタッフ・客役,ジンバル・小型LED・ピンマイク,未撮影
DAY8,表参道店,⑥店舗案内［仮：スタッフ調整］,起承転結,⑥-11,EDIT 編集,住所・営業時間・最寄駅からの経路・地図,Googleビジネスプロフィール掲載前提で地図を大きく,1:40-1:50,店舗スタッフ・客役,ジンバル・小型LED・ピンマイク,未撮影
DAY8,表参道店,⑤購入者インタビュー［仮：出演調整］,起承結,⑤-1,CU 寄り,実際に使っている手元。財布を開く／バッグに物を入れる,環境音のみ。まだ話し始めない,0-4秒,購入者3〜5名（レビュー投稿者）,三脚・ピンマイク・マクロレンズ,未撮影
DAY8,表参道店,⑤購入者インタビュー［仮：出演調整］,起承結,⑤-2,BS バストショット,話し手が座る。名前・職業・使用年数はテロップ,一言から始める,4-8秒,購入者3〜5名（レビュー投稿者）,三脚・ピンマイク・マクロレンズ,未撮影
DAY8,表参道店,⑤購入者インタビュー［仮：出演調整］,起承結,⑤-3,BS ＋ インサート,問1「買った理由は」,語りの上に使用シーンをインサート,8-18秒,購入者3〜5名（レビュー投稿者）,三脚・ピンマイク・マクロレンズ,未撮影
DAY8,表参道店,⑤購入者インタビュー［仮：出演調整］,起承結,⑤-4,BS,問2「不満はありますか」,良い話だけにしない。削ると広告に見える,18-27秒,購入者3〜5名（レビュー投稿者）,三脚・ピンマイク・マクロレンズ,未撮影
DAY8,表参道店,⑤購入者インタビュー［仮：出演調整］,起承結,⑤-5,BS ＋ インサート,問3「それでも使い続けている理由は」,いちばん長く尺を取る,27-35秒,購入者3〜5名（レビュー投稿者）,三脚・ピンマイク・マクロレンズ,未撮影
DAY8,表参道店,⑤購入者インタビュー［仮：出演調整］,起承結,⑤-6,MACRO,経年変化した部分。角の擦れ、色の深まり、縫い目,語りが終わり無音に近づける,35-45秒,購入者3〜5名（レビュー投稿者）,三脚・ピンマイク・マクロレンズ,未撮影
DAY8,表参道店,⑤購入者インタビュー［仮：出演調整］,起承結,⑤-7,TWO / MS,本人と現物。テロップ「◯年使用／品番◯◯」,BGMが締まる,45-55秒,購入者3〜5名（レビュー投稿者）,三脚・ピンマイク・マクロレンズ,未撮影
DAY8,表参道店,⑤購入者インタビュー［仮：出演調整］,起承結,⑤-8,EDIT 編集,商品ページへの導線テロップ,-,55-60秒,購入者3〜5名（レビュー投稿者）,三脚・ピンマイク・マクロレンズ,未撮影
DAY9,ロケ（贈答シーン）,⑨梱包から受け取り,結,⑨-6,LS 引き,贈る人が、箱を背中に隠して近づいてくる,足音。相手には何も見えていない,18-22秒,贈る人・受け取る人 各1名,三脚・ローアングル台・小型LED。送り状は絶対に映さない,未撮影
DAY9,ロケ（贈答シーン）,⑨梱包から受け取り,結,⑨-7,TWO ツーショット,差し出され、受け取る,開封音,22-26秒,贈る人・受け取る人 各1名,三脚・ローアングル台・小型LED。送り状は絶対に映さない,未撮影
DAY9,ロケ（贈答シーン）,⑨梱包から受け取り,結,⑨-8,LOW ローアングル,商品の位置から見上げる。開けた瞬間の驚く顔,BGMがピークへ,26-30秒,贈る人・受け取る人 各1名,三脚・ローアングル台・小型LED。送り状は絶対に映さない,未撮影
DAY9,ロケ（贈答シーン）,⑨梱包から受け取り,結,⑨-9,CU 寄り,手渡す側と受け取る側。顔は入れず手だけで成立させる,BGMが締まる,30-33秒,贈る人・受け取る人 各1名,三脚・ローアングル台・小型LED。送り状は絶対に映さない,未撮影
DAY9,ロケ（贈答シーン）,①コーポレート,結,①-7,POV / REACTION,受け取った人の目線で蓋が開く。開けた瞬間の表情,開封音。BGMがピークへ,1:44-1:52,贈る人・受け取る人 各1名,三脚・ローアングル台・小型LED。送り状は絶対に映さない,未撮影
DAY10,向島工房,⑩採用ムービー［仮：出演調整］,転・結／新規撮影のみ,⑩-6,MS 中景,若手が図面を引く手元から、顔へ,生音,1:40-1:55,社員（若手・ベテラン）,①の撮影日に半日追加で収録可,未撮影
DAY10,向島工房,⑩採用ムービー［仮：出演調整］,転・結／新規撮影のみ,⑩-7,TWO ツーショット,社員2人が革を挟んで相談している,声は生音。少人数で一貫して関われる実景,1:55-2:12,社員（若手・ベテラン）,①の撮影日に半日追加で収録可,未撮影
DAY10,向島工房,⑩採用ムービー［仮：出演調整］,転・結／新規撮影のみ,⑩-8,BS バストショット,働いている人が、カメラに向かって一言,ここでしか経験できないことを一つだけ示す,2:12-2:30,社員（若手・ベテラン）,①の撮影日に半日追加で収録可,未撮影
DAY10,向島工房,⑩採用ムービー［仮：出演調整］,転・結／新規撮影のみ,⑩-9,LS 引き,就業後、工房の明かりが落ちる／全員が並ぶ引き,BGMが締まる,2:30-2:45,社員（若手・ベテラン）,①の撮影日に半日追加で収録可,未撮影
DAY11,向島工房,⑪この道、20年。,S1 目だけ,⑪-S1-1,ECU 目のクローズアップ（真正面）,眉から鼻の上まで。画面いっぱいに目が入るくらい寄る。ピントはまつげ,S4（22-42秒）は③工程ショート7本の素材を再編集するため撮影不要,0-4秒,佐藤さん,三脚・広角レンズ・ピンマイク。出演の了承が必要,未撮影
DAY11,向島工房,⑪この道、20年。,S1 目だけ,⑪-S1-2,ECU 眼鏡越しの目,レンズに作業台の光が映り込む,S4（22-42秒）は③工程ショート7本の素材を再編集するため撮影不要,0-4秒,佐藤さん,三脚・広角レンズ・ピンマイク。出演の了承が必要,未撮影
DAY11,向島工房,⑪この道、20年。,S1 目だけ,⑪-S1-3,ECU 横顔の目（プロファイル）,視線の先に革がある構図。目→手元へつなぎやすい,S4（22-42秒）は③工程ショート7本の素材を再編集するため撮影不要,0-4秒,佐藤さん,三脚・広角レンズ・ピンマイク。出演の了承が必要,未撮影
DAY11,向島工房,⑪この道、20年。,S2 工房の中の佐藤さん（広角）,⑪-S2-1,LS 広角・真正面から引き,工房の奥行きが出る位置。佐藤さんは中央より少しずらす,S4（22-42秒）は③工程ショート7本の素材を再編集するため撮影不要,4-12秒,佐藤さん,三脚・広角レンズ・ピンマイク。出演の了承が必要,未撮影
DAY11,向島工房,⑪この道、20年。,S2 工房の中の佐藤さん（広角）,⑪-S2-2,LOW 広角・ローアングル,床すれすれから見上げる。天井と作業台が入る,S4（22-42秒）は③工程ショート7本の素材を再編集するため撮影不要,4-12秒,佐藤さん,三脚・広角レンズ・ピンマイク。出演の了承が必要,未撮影
DAY11,向島工房,⑪この道、20年。,S2 工房の中の佐藤さん（広角）,⑪-S2-3,LS フレーム内フレーム,手前にドアや棚を入れて奥に佐藤さん,S4（22-42秒）は③工程ショート7本の素材を再編集するため撮影不要,4-12秒,佐藤さん,三脚・広角レンズ・ピンマイク。出演の了承が必要,未撮影
DAY11,向島工房,⑪この道、20年。,S3 中腰の距離で縫う,⑪-S3-1,MS 中腰の高さから斜め上,三脚を胸の高さに。手元にピント。10秒を1カットで,S4（22-42秒）は③工程ショート7本の素材を再編集するため撮影不要,12-22秒,佐藤さん,三脚・広角レンズ・ピンマイク。出演の了承が必要,未撮影
DAY11,向島工房,⑪この道、20年。,S3 中腰の距離で縫う,⑪-S3-2,OTS 肩越し（後ろから）,佐藤さんの肩の後ろから手元を見る,S4（22-42秒）は③工程ショート7本の素材を再編集するため撮影不要,12-22秒,佐藤さん,三脚・広角レンズ・ピンマイク。出演の了承が必要,未撮影
DAY11,向島工房,⑪この道、20年。,S3 中腰の距離で縫う,⑪-S3-3,PROFILE 真横,背中の丸まりと手を引く動きの大きさ,S4（22-42秒）は③工程ショート7本の素材を再編集するため撮影不要,12-22秒,佐藤さん,三脚・広角レンズ・ピンマイク。出演の了承が必要,未撮影
DAY11,向島工房,⑪この道、20年。,S5 完成＋タイトル,⑪-S5-1,CU 手のひらの上の完成品,手と商品だけ。手の質感と新品の対比,S4（22-42秒）は③工程ショート7本の素材を再編集するため撮影不要,42-60秒,佐藤さん,三脚・広角レンズ・ピンマイク。出演の了承が必要,未撮影
DAY11,向島工房,⑪この道、20年。,S5 完成＋タイトル,⑪-S5-2,BIRD 真俯瞰で置く,冒頭の一枚の革と同じ画角にして閉じる,S4（22-42秒）は③工程ショート7本の素材を再編集するため撮影不要,42-60秒,佐藤さん,三脚・広角レンズ・ピンマイク。出演の了承が必要,未撮影
DAY11,向島工房,⑪この道、20年。,S5 完成＋タイトル,⑪-S5-3,ECU もう一度、目,冒頭と同じ目のカット。テロップ「この道、20年。」を重ねる,S4（22-42秒）は③工程ショート7本の素材を再編集するため撮影不要,42-60秒,佐藤さん,三脚・広角レンズ・ピンマイク。出演の了承が必要,未撮影
